{
  "data": [
    {
      "url": "https://hogarsi.org/wp-content/uploads/2021/12/VF_HOGARSI_ingreso-minimo_RESUMEN.pdf",
      "year": 2021,
      "data": 260000
    },
    {
      "url": "https://www.lamoncloa.gob.es/serviciosdeprensa/notasprensa/inclusion/Documents/2021/141021-PGE2022-Inclusion.pdf",
      "year": 2022,
      "data": 350000
    },
    {
      "url": "https://www.tcu.es/es/sala-de-prensa/noticias/El-Tribunal-de-Cuentas-aprueba-el-informe-sobre-el-Ingreso-Minimo-Vital",
      "year": 2023,
      "data": 331236
    },
    {
      "url": "https://revista.seg-social.es/-/nueva-estad%C3%ADstica-del-ingreso-m%C3%ADnimo-vital-febrero-2024",
      "year": 2024,
      "data": 557405
    },
    {
      "url": "https://revista.seg-social.es/-/imv-llega-dos-millones-personas-en-diciembre-24-674.000-hogares?utm_source=chatgpt.com",
      "year": 2025,
      "data": 673729
    }
  ]
}