[
  {
    "name": "Total Nacional",
    "data": [
      [
        21765.4,
        21250.0,
        20634.2,
        20196.7,
        19239.6,
        19681.3,
        19471.1,
        18874.2,
        18438.3,
        18029.6,
        17454.8,
        16950.6,
        17030.2,
        17765.1,
        18426.2,
        18652.9,
        19284.4,
        20620.0
      ],
      [
        761.9,
        765.8,
        775.2,
        850.2,
        815.8,
        784.8,
        839.7,
        833.8,
        847.7,
        777.4,
        717.4,
        809.1,
        716.5,
        763.0,
        778.0,
        827.7,
        842.5,
        870.1
      ],
      [
        2915.2,
        2825.8,
        2805.4,
        2706.3,
        2643.0,
        2769.3,
        2708.5,
        2676.4,
        2570.9,
        2481.4,
        2441.1,
        2298.6,
        2378.5,
        2509.7,
        2578.8,
        2637.9,
        2930.6,
        3352.8
      ],
      [
        1479.1,
        1417.6,
        1335.6,
        1344.9,
        1286.0,
        1277.8,
        1281.4,
        1151.9,
        1081.4,
        1031.7,
        1060.6,
        942.1,
        1065.2,
        1200.8,
        1499.4,
        1668.2,
        1977.6,
        2679.5
      ],
      [
        16609.2,
        16240.8,
        15718.0,
        15295.3,
        14494.9,
        14849.4,
        14641.6,
        14212.2,
        13938.2,
        13739.2,
        13235.7,
        12900.8,
        12870.0,
        13291.5,
        13569.9,
        13519.1,
        13533.8,
        13717.6
      ]
    ]
  },
  {
    "name": "02 Albacete",
    "data": [
      [
        169.5,
        160.8,
        167.2,
        157.2,
        150.9,
        146.2,
        153.2,
        146.0,
        141.5,
        138.2,
        133.4,
        137.1,
        126.2,
        137.1,
        149.0,
        146.9,
        161.8,
        172.0
      ],
      [
        15.0,
        15.9,
        16.3,
        15.3,
        11.6,
        12.3,
        14.9,
        12.0,
        11.8,
        9.0,
        11.1,
        12.5,
        7.6,
        9.7,
        10.8,
        9.3,
        10.3,
        14.5
      ],
      [
        27.7,
        23.6,
        25.1,
        26.7,
        21.5,
        24.5,
        26.2,
        22.3,
        21.8,
        18.7,
        15.9,
        22.6,
        19.3,
        17.9,
        24.4,
        26.3,
        30.8,
        28.9
      ],
      [
        11.0,
        8.1,
        9.3,
        12.4,
        9.2,
        9.1,
        12.1,
        9.4,
        7.8,
        8.6,
        6.1,
        7.3,
        10.2,
        9.8,
        10.5,
        13.7,
        17.7,
        22.5
      ],
      [
        115.8,
        113.3,
        116.5,
        102.8,
        108.6,
        100.3,
        100.0,
        102.4,
        100.2,
        101.8,
        100.3,
        94.7,
        89.0,
        99.7,
        103.2,
        97.7,
        103.0,
        106.0
      ]
    ]
  },
  {
    "name": "03 Alicante/Alacant",
    "data": [
      [
        834.4,
        812.7,
        813.2,
        795.1,
        713.9,
        760.8,
        741.4,
        729.9,
        726.2,
        681.7,
        657.4,
        632.5,
        628.0,
        637.8,
        666.5,
        688.4,
        714.1,
        786.6
      ],
      [
        19.9,
        18.0,
        15.7,
        24.8,
        18.3,
        18.3,
        34.6,
        21.3,
        16.8,
        20.5,
        21.1,
        22.3,
        29.3,
        26.2,
        18.6,
        17.8,
        28.5,
        19.4
      ],
      [
        113.8,
        123.0,
        111.8,
        103.1,
        94.0,
        123.5,
        118.4,
        132.8,
        132.1,
        94.4,
        108.0,
        90.8,
        99.4,
        125.0,
        108.5,
        95.9,
        113.1,
        145.3
      ],
      [
        76.1,
        62.4,
        79.5,
        65.0,
        48.8,
        52.6,
        55.0,
        45.8,
        48.5,
        42.2,
        46.9,
        35.8,
        37.8,
        43.2,
        52.5,
        61.7,
        67.0,
        113.2
      ],
      [
        624.6,
        609.2,
        606.2,
        602.2,
        552.7,
        566.3,
        533.4,
        530.1,
        528.7,
        524.6,
        481.4,
        483.6,
        461.5,
        443.4,
        486.9,
        513.0,
        505.4,
        508.7
      ]
    ]
  },
  {
    "name": "04 Almería",
    "data": [
      [
        335.0,
        331.8,
        338.4,
        322.4,
        303.2,
        284.5,
        286.0,
        267.1,
        273.1,
        252.8,
        238.4,
        241.1,
        230.6,
        238.4,
        249.7,
        261.5,
        268.2,
        287.2
      ],
      [
        73.5,
        76.3,
        83.4,
        89.3,
        88.2,
        62.9,
        71.6,
        78.2,
        82.5,
        67.1,
        41.8,
        42.4,
        39.7,
        58.9,
        48.5,
        54.2,
        36.0,
        49.3
      ],
      [
        17.1,
        18.9,
        24.9,
        16.7,
        19.1,
        19.2,
        13.9,
        16.3,
        15.7,
        14.7,
        10.3,
        7.4,
        10.8,
        7.6,
        15.4,
        11.7,
        27.5,
        21.9
      ],
      [
        15.2,
        15.7,
        16.2,
        13.9,
        18.5,
        11.1,
        12.6,
        12.8,
        16.7,
        14.6,
        11.8,
        11.7,
        12.1,
        11.9,
        15.1,
        20.3,
        25.9,
        57.3
      ],
      [
        229.1,
        220.9,
        213.8,
        202.6,
        177.3,
        191.3,
        188.0,
        159.8,
        158.2,
        156.4,
        174.5,
        179.6,
        168.0,
        160.0,
        170.7,
        175.3,
        178.7,
        158.7
      ]
    ]
  },
  {
    "name": "01 Araba/Álava",
    "data": [
      [
        150.6,
        147.5,
        153.4,
        141.3,
        136.6,
        142.8,
        149.2,
        138.8,
        133.6,
        139.4,
        131.6,
        131.1,
        135.6,
        135.8,
        147.2,
        141.8,
        150.0,
        152.9
      ],
      [
        1.1,
        2.8,
        2.5,
        2.5,
        1.8,
        2.1,
        2.6,
        3.5,
        4.3,
        3.9,
        1.5,
        3.3,
        4.8,
        1.7,
        1.6,
        2.9,
        2.6,
        2.1
      ],
      [
        36.5,
        38.3,
        43.9,
        38.4,
        36.6,
        41.0,
        39.6,
        42.7,
        40.2,
        42.2,
        37.1,
        31.2,
        34.5,
        38.2,
        50.4,
        37.3,
        42.2,
        50.7
      ],
      [
        6.8,
        8.1,
        7.6,
        3.5,
        5.7,
        6.4,
        8.4,
        5.2,
        4.3,
        1.9,
        5.5,
        6.6,
        7.5,
        7.2,
        6.3,
        11.9,
        11.6,
        14.0
      ],
      [
        106.2,
        98.2,
        99.2,
        96.8,
        92.5,
        93.3,
        98.6,
        87.3,
        84.9,
        91.4,
        87.5,
        90.1,
        88.8,
        88.7,
        88.9,
        89.8,
        93.6,
        86.1
      ]
    ]
  },
  {
    "name": "33 Asturias",
    "data": [
      [
        426.2,
        402.3,
        380.4,
        389.1,
        386.3,
        387.6,
        385.4,
        387.9,
        394.1,
        375.4,
        371.8,
        371.1,
        368.4,
        383.2,
        397.5,
        409.8,
        435.0,
        448.2
      ],
      [
        12.7,
        13.1,
        13.4,
        18.2,
        18.6,
        11.9,
        17.6,
        16.9,
        13.6,
        12.3,
        12.5,
        17.7,
        17.9,
        17.0,
        13.7,
        18.1,
        17.1,
        20.7
      ],
      [
        62.6,
        60.3,
        54.1,
        54.4,
        52.1,
        54.5,
        54.0,
        55.7,
        61.8,
        53.4,
        58.3,
        56.9,
        54.5,
        55.0,
        59.3,
        58.7,
        64.4,
        69.9
      ],
      [
        27.9,
        30.3,
        24.3,
        24.8,
        25.1,
        21.1,
        24.6,
        20.2,
        21.5,
        17.8,
        21.8,
        17.9,
        27.0,
        27.9,
        38.2,
        36.0,
        40.5,
        54.7
      ],
      [
        323.0,
        298.5,
        288.7,
        291.7,
        290.4,
        300.1,
        289.2,
        295.2,
        297.2,
        291.8,
        279.2,
        278.6,
        269.0,
        283.3,
        286.3,
        297.0,
        313.0,
        303.0
      ]
    ]
  },
  {
    "name": "05 Ávila",
    "data": [
      [
        61.9,
        61.1,
        64.5,
        60.7,
        59.5,
        63.2,
        56.2,
        58.9,
        61.6,
        55.9,
        54.1,
        54.9,
        56.5,
        57.8,
        54.8,
        55.9,
        63.8,
        71.1
      ],
      [
        4.8,
        5.9,
        5.7,
        6.3,
        7.3,
        5.7,
        4.5,
        3.3,
        4.7,
        5.3,
        6.1,
        5.1,
        7.2,
        8.2,
        6.7,
        6.3,
        7.5,
        6.7
      ],
      [
        7.0,
        7.8,
        7.3,
        6.6,
        6.4,
        7.4,
        7.0,
        7.7,
        6.9,
        4.4,
        4.8,
        6.1,
        5.7,
        5.7,
        5.2,
        5.5,
        7.9,
        10.2
      ],
      [
        7.5,
        5.4,
        5.7,
        5.6,
        7.3,
        5.9,
        5.3,
        4.8,
        5.1,
        4.9,
        5.6,
        5.4,
        5.4,
        5.4,
        5.7,
        8.8,
        9.8,
        12.4
      ],
      [
        42.7,
        42.0,
        45.8,
        42.2,
        38.4,
        44.2,
        39.4,
        43.1,
        44.9,
        41.3,
        37.7,
        38.3,
        38.2,
        38.5,
        37.2,
        35.3,
        38.6,
        41.8
      ]
    ]
  },
  {
    "name": "06 Badajoz",
    "data": [
      [
        257.0,
        262.1,
        259.3,
        253.6,
        238.5,
        235.2,
        243.5,
        225.0,
        216.1,
        224.0,
        218.3,
        207.2,
        210.8,
        214.4,
        236.4,
        239.9,
        244.8,
        259.1
      ],
      [
        23.7,
        23.2,
        24.2,
        24.4,
        23.0,
        27.6,
        35.1,
        34.7,
        26.5,
        18.8,
        22.4,
        19.9,
        20.0,
        20.6,
        19.5,
        25.4,
        24.2,
        24.5
      ],
      [
        26.3,
        25.6,
        27.8,
        30.0,
        25.7,
        25.6,
        26.4,
        20.2,
        21.4,
        23.5,
        21.0,
        23.0,
        23.9,
        22.1,
        23.0,
        25.3,
        29.8,
        28.5
      ],
      [
        16.2,
        17.7,
        13.6,
        15.7,
        14.7,
        12.9,
        13.3,
        13.0,
        11.0,
        15.8,
        18.0,
        13.2,
        12.9,
        18.6,
        26.1,
        24.9,
        27.8,
        34.3
      ],
      [
        190.7,
        195.7,
        193.6,
        183.5,
        175.1,
        169.1,
        168.7,
        157.1,
        157.3,
        165.9,
        156.9,
        151.1,
        154.0,
        153.2,
        167.8,
        164.3,
        163.0,
        171.8
      ]
    ]
  },
  {
    "name": "07 Balears, Illes",
    "data": [
      [
        554.5,
        541.0,
        519.3,
        516.9,
        487.4,
        503.0,
        516.1,
        488.7,
        489.5,
        491.1,
        455.9,
        418.5,
        429.5,
        428.2,
        430.7,
        448.0,
        453.8,
        486.6
      ],
      [
        4.5,
        4.1,
        2.0,
        4.9,
        5.7,
        5.0,
        7.3,
        9.4,
        3.6,
        5.9,
        5.9,
        6.5,
        3.7,
        6.6,
        5.9,
        5.5,
        7.4,
        5.8
      ],
      [
        46.2,
        36.0,
        40.8,
        34.1,
        32.9,
        36.4,
        36.6,
        43.9,
        36.2,
        36.8,
        36.1,
        26.6,
        25.5,
        35.6,
        36.5,
        34.7,
        42.2,
        47.8
      ],
      [
        63.2,
        70.4,
        53.0,
        58.6,
        49.7,
        64.2,
        62.1,
        48.9,
        55.1,
        47.2,
        48.1,
        38.5,
        36.7,
        47.4,
        45.3,
        57.2,
        72.4,
        83.4
      ],
      [
        440.5,
        430.6,
        423.5,
        419.3,
        399.1,
        397.5,
        410.1,
        386.6,
        394.6,
        401.2,
        365.7,
        346.9,
        363.6,
        338.6,
        343.0,
        350.6,
        331.8,
        349.6
      ]
    ]
  },
  {
    "name": "08 Barcelona",
    "data": [
      [
        2868.1,
        2831.0,
        2667.1,
        2610.0,
        2534.0,
        2557.0,
        2537.1,
        2468.7,
        2402.5,
        2319.8,
        2227.5,
        2202.7,
        2167.3,
        2279.8,
        2377.6,
        2382.1,
        2455.7,
        2676.4
      ],
      [
        15.2,
        8.9,
        9.2,
        13.3,
        5.4,
        7.7,
        6.6,
        13.4,
        13.2,
        7.4,
        9.9,
        11.3,
        11.5,
        12.6,
        12.0,
        18.5,
        14.0,
        21.2
      ],
      [
        451.5,
        446.0,
        458.3,
        421.7,
        419.9,
        447.3,
        464.1,
        464.8,
        420.3,
        433.0,
        417.5,
        385.9,
        411.4,
        434.6,
        431.4,
        476.6,
        521.3,
        622.2
      ],
      [
        160.6,
        152.7,
        138.4,
        160.0,
        166.4,
        144.0,
        140.1,
        137.8,
        134.9,
        116.2,
        125.3,
        113.6,
        118.1,
        140.0,
        179.5,
        215.8,
        238.3,
        277.4
      ],
      [
        2240.8,
        2223.3,
        2061.1,
        2014.9,
        1942.3,
        1957.9,
        1926.3,
        1852.8,
        1834.1,
        1763.3,
        1674.8,
        1692.0,
        1626.3,
        1692.6,
        1754.7,
        1671.1,
        1682.0,
        1755.7
      ]
    ]
  },
  {
    "name": "48 Bizkaia",
    "data": [
      [
        537.2,
        529.2,
        504.2,
        510.0,
        463.0,
        477.5,
        477.8,
        465.6,
        472.9,
        457.5,
        453.8,
        438.9,
        460.0,
        474.7,
        493.2,
        489.3,
        496.1,
        512.5
      ],
      [
        0.4,
        3.0,
        4.1,
        6.0,
        5.6,
        4.7,
        3.0,
        3.5,
        8.0,
        5.2,
        6.9,
        6.1,
        8.0,
        5.9,
        3.2,
        5.7,
        8.7,
        11.7
      ],
      [
        88.7,
        79.3,
        79.9,
        97.0,
        91.9,
        74.2,
        78.3,
        85.5,
        91.7,
        87.9,
        73.3,
        71.9,
        76.2,
        75.2,
        80.7,
        89.8,
        89.5,
        100.0
      ],
      [
        26.2,
        30.8,
        34.5,
        29.6,
        27.8,
        34.3,
        27.9,
        22.2,
        29.2,
        28.7,
        28.4,
        29.1,
        30.1,
        32.4,
        40.7,
        37.7,
        49.9,
        56.3
      ],
      [
        422.0,
        416.0,
        385.8,
        377.4,
        337.7,
        364.5,
        368.6,
        354.4,
        344.0,
        335.7,
        345.1,
        331.8,
        345.7,
        361.2,
        368.6,
        356.1,
        348.0,
        344.4
      ]
    ]
  },
  {
    "name": "09 Burgos",
    "data": [
      [
        164.2,
        161.2,
        160.8,
        158.7,
        155.1,
        155.0,
        151.6,
        152.4,
        153.9,
        152.3,
        143.3,
        149.0,
        140.9,
        148.8,
        152.0,
        157.7,
        169.0,
        176.9
      ],
      [
        4.9,
        8.4,
        10.3,
        12.4,
        10.5,
        8.4,
        8.3,
        5.1,
        6.8,
        8.3,
        5.7,
        5.4,
        6.5,
        7.5,
        12.8,
        7.9,
        10.5,
        12.1
      ],
      [
        42.8,
        40.9,
        37.6,
        34.3,
        39.9,
        40.4,
        38.1,
        42.3,
        36.5,
        37.9,
        37.5,
        41.5,
        33.3,
        32.1,
        33.0,
        35.5,
        40.2,
        41.0
      ],
      [
        9.9,
        9.4,
        9.5,
        9.6,
        11.8,
        11.9,
        10.2,
        11.6,
        12.1,
        10.2,
        8.8,
        8.6,
        11.4,
        11.6,
        10.2,
        14.2,
        18.1,
        20.0
      ],
      [
        106.7,
        102.5,
        103.3,
        102.3,
        92.8,
        94.3,
        94.9,
        93.4,
        98.5,
        95.8,
        91.3,
        93.4,
        89.7,
        97.7,
        96.1,
        100.1,
        100.2,
        103.8
      ]
    ]
  },
  {
    "name": "10 Cáceres",
    "data": [
      [
        152.4,
        143.7,
        144.9,
        142.8,
        131.5,
        140.7,
        142.6,
        141.6,
        135.3,
        133.5,
        131.7,
        132.0,
        121.1,
        124.5,
        140.5,
        136.9,
        138.8,
        149.1
      ],
      [
        8.2,
        9.1,
        11.3,
        12.2,
        9.6,
        12.0,
        13.3,
        12.9,
        10.9,
        12.1,
        14.2,
        12.0,
        12.3,
        12.9,
        10.9,
        11.5,
        14.1,
        16.0
      ],
      [
        15.8,
        16.5,
        18.1,
        11.8,
        12.5,
        17.1,
        11.9,
        10.8,
        12.8,
        13.9,
        14.9,
        15.7,
        12.7,
        15.3,
        15.6,
        13.6,
        12.7,
        18.0
      ],
      [
        13.7,
        11.9,
        12.2,
        13.2,
        14.0,
        11.6,
        11.1,
        10.3,
        9.7,
        13.1,
        10.5,
        7.7,
        11.0,
        12.3,
        16.2,
        15.6,
        16.6,
        24.8
      ],
      [
        114.7,
        106.3,
        103.4,
        105.6,
        95.4,
        100.0,
        106.3,
        107.7,
        101.9,
        94.4,
        92.1,
        96.6,
        85.0,
        84.0,
        97.8,
        96.3,
        95.4,
        90.3
      ]
    ]
  },
  {
    "name": "11 Cádiz",
    "data": [
      [
        438.6,
        436.6,
        430.8,
        408.4,
        400.9,
        417.8,
        403.5,
        382.6,
        381.6,
        361.0,
        338.6,
        333.8,
        338.2,
        365.2,
        382.7,
        392.0,
        414.7,
        449.4
      ],
      [
        11.8,
        18.5,
        16.9,
        17.4,
        17.0,
        16.9,
        10.0,
        8.2,
        11.3,
        6.1,
        8.3,
        7.9,
        11.4,
        16.0,
        9.6,
        11.9,
        18.5,
        14.9
      ],
      [
        51.0,
        45.7,
        47.1,
        39.3,
        44.9,
        49.3,
        41.8,
        40.9,
        38.0,
        36.7,
        27.0,
        31.5,
        32.1,
        35.5,
        40.8,
        38.7,
        43.9,
        47.8
      ],
      [
        35.1,
        34.0,
        31.2,
        31.0,
        28.8,
        31.8,
        29.8,
        25.8,
        19.9,
        21.5,
        18.2,
        19.2,
        11.9,
        24.7,
        33.4,
        36.2,
        36.2,
        63.7
      ],
      [
        340.7,
        338.4,
        335.6,
        320.7,
        310.1,
        319.8,
        321.8,
        307.7,
        312.4,
        296.7,
        285.2,
        275.3,
        282.8,
        289.0,
        298.9,
        305.3,
        316.2,
        323.0
      ]
    ]
  },
  {
    "name": "39 Cantabria",
    "data": [
      [
        261.9,
        262.5,
        246.7,
        243.6,
        238.3,
        239.2,
        237.3,
        235.6,
        235.1,
        222.1,
        226.3,
        220.2,
        221.0,
        234.6,
        233.4,
        241.0,
        251.9,
        265.6
      ],
      [
        4.9,
        4.7,
        7.2,
        7.2,
        7.0,
        8.1,
        6.0,
        6.8,
        6.6,
        8.6,
        6.0,
        7.2,
        7.9,
        7.9,
        6.8,
        8.5,
        9.5,
        11.3
      ],
      [
        44.3,
        40.4,
        39.9,
        40.9,
        42.2,
        39.4,
        36.5,
        36.9,
        36.4,
        35.5,
        33.9,
        37.2,
        36.3,
        40.2,
        35.6,
        41.1,
        42.6,
        51.8
      ],
      [
        19.7,
        21.2,
        19.5,
        16.9,
        20.3,
        20.4,
        18.8,
        14.9,
        14.6,
        13.7,
        13.0,
        12.2,
        17.5,
        17.3,
        21.0,
        23.1,
        28.0,
        38.2
      ],
      [
        192.9,
        196.3,
        180.1,
        178.6,
        168.8,
        171.2,
        176.0,
        177.0,
        177.5,
        164.3,
        173.4,
        163.6,
        159.3,
        169.1,
        169.9,
        168.3,
        171.8,
        164.3
      ]
    ]
  },
  {
    "name": "12 Castellón/Castelló",
    "data": [
      [
        281.6,
        250.6,
        245.3,
        245.2,
        231.5,
        241.4,
        233.4,
        227.0,
        212.3,
        211.6,
        210.9,
        205.9,
        200.9,
        211.2,
        223.2,
        231.5,
        253.4,
        283.6
      ],
      [
        9.5,
        6.6,
        8.1,
        9.4,
        7.8,
        10.0,
        11.1,
        9.6,
        9.0,
        10.9,
        13.7,
        11.4,
        9.7,
        11.2,
        8.8,
        7.6,
        9.2,
        13.1
      ],
      [
        56.9,
        54.1,
        45.9,
        58.0,
        54.3,
        56.9,
        55.1,
        50.9,
        56.0,
        48.9,
        45.5,
        45.5,
        46.5,
        43.4,
        46.2,
        47.2,
        57.4,
        66.5
      ],
      [
        24.2,
        16.4,
        16.9,
        14.7,
        16.1,
        16.8,
        17.7,
        15.1,
        12.5,
        13.4,
        10.8,
        10.6,
        15.5,
        14.6,
        19.3,
        22.2,
        32.2,
        42.7
      ],
      [
        190.9,
        173.6,
        174.3,
        163.1,
        153.3,
        157.8,
        149.4,
        151.4,
        134.8,
        138.6,
        141.0,
        138.5,
        129.2,
        142.0,
        149.0,
        154.4,
        154.5,
        161.2
      ]
    ]
  },
  {
    "name": "13 Ciudad Real",
    "data": [
      [
        198.8,
        188.8,
        185.1,
        186.8,
        181.8,
        184.4,
        189.8,
        179.3,
        175.8,
        165.6,
        154.9,
        161.3,
        163.1,
        168.3,
        189.0,
        189.5,
        193.3,
        204.3
      ],
      [
        14.9,
        11.6,
        14.1,
        18.0,
        18.7,
        16.0,
        15.2,
        16.3,
        17.7,
        13.8,
        11.7,
        16.0,
        15.3,
        15.0,
        12.4,
        15.3,
        16.6,
        14.5
      ],
      [
        31.2,
        28.1,
        30.3,
        27.9,
        29.3,
        26.6,
        24.2,
        27.6,
        26.8,
        24.5,
        22.2,
        23.2,
        25.5,
        24.9,
        27.7,
        28.6,
        31.1,
        30.5
      ],
      [
        18.5,
        16.8,
        14.6,
        15.1,
        15.3,
        16.2,
        14.3,
        14.2,
        14.9,
        13.7,
        10.2,
        10.1,
        15.9,
        16.2,
        24.8,
        24.5,
        28.0,
        38.3
      ],
      [
        134.2,
        132.2,
        126.0,
        125.6,
        118.5,
        125.7,
        136.0,
        121.2,
        116.4,
        113.6,
        110.7,
        112.0,
        106.4,
        112.2,
        124.1,
        121.2,
        117.6,
        121.0
      ]
    ]
  },
  {
    "name": "14 Córdoba",
    "data": [
      [
        316.8,
        316.7,
        295.8,
        301.3,
        294.8,
        281.5,
        289.8,
        277.1,
        275.8,
        269.6,
        259.5,
        257.2,
        251.7,
        262.7,
        275.6,
        296.0,
        292.8,
        321.1
      ],
      [
        33.0,
        35.8,
        31.4,
        39.8,
        44.3,
        36.2,
        39.0,
        35.7,
        39.9,
        36.9,
        28.4,
        44.3,
        29.6,
        33.1,
        43.3,
        50.3,
        45.7,
        42.3
      ],
      [
        39.8,
        35.8,
        34.1,
        40.1,
        40.9,
        40.3,
        42.6,
        32.4,
        28.5,
        28.1,
        29.6,
        27.7,
        28.0,
        31.2,
        32.4,
        31.9,
        35.9,
        38.8
      ],
      [
        19.0,
        18.9,
        15.8,
        19.9,
        14.9,
        12.6,
        15.6,
        16.3,
        13.3,
        13.7,
        12.6,
        13.3,
        14.7,
        19.2,
        18.3,
        20.5,
        23.5,
        43.5
      ],
      [
        225.0,
        226.1,
        214.6,
        201.5,
        194.7,
        192.4,
        192.6,
        192.8,
        194.1,
        190.9,
        188.8,
        171.9,
        179.4,
        179.2,
        181.5,
        193.4,
        187.8,
        196.6
      ]
    ]
  },
  {
    "name": "15 Coruña, A",
    "data": [
      [
        490.0,
        481.1,
        464.2,
        462.8,
        443.3,
        464.1,
        475.3,
        452.8,
        447.5,
        441.8,
        430.1,
        420.2,
        436.7,
        460.6,
        465.2,
        469.4,
        497.8,
        481.7
      ],
      [
        22.5,
        27.4,
        24.6,
        20.3,
        25.9,
        22.9,
        21.0,
        25.6,
        27.6,
        20.8,
        20.9,
        21.1,
        23.4,
        29.3,
        27.2,
        25.2,
        29.8,
        30.9
      ],
      [
        76.0,
        62.8,
        63.5,
        60.3,
        59.1,
        69.6,
        68.4,
        69.3,
        67.0,
        59.1,
        59.8,
        55.4,
        58.2,
        67.7,
        66.5,
        67.0,
        75.8,
        77.0
      ],
      [
        35.2,
        37.1,
        33.0,
        39.6,
        32.8,
        35.4,
        26.7,
        28.7,
        27.3,
        30.3,
        31.6,
        27.5,
        30.7,
        33.3,
        41.5,
        49.5,
        52.9,
        59.9
      ],
      [
        356.3,
        353.8,
        343.1,
        342.5,
        325.5,
        336.3,
        359.1,
        329.2,
        325.6,
        331.6,
        317.9,
        316.1,
        324.4,
        330.4,
        330.0,
        327.7,
        339.4,
        313.9
      ]
    ]
  },
  {
    "name": "16 Cuenca",
    "data": [
      [
        84.2,
        86.4,
        80.8,
        81.7,
        77.7,
        77.6,
        84.6,
        77.5,
        80.3,
        77.2,
        69.0,
        69.6,
        67.6,
        73.7,
        75.6,
        76.3,
        79.2,
        87.0
      ],
      [
        11.1,
        9.7,
        11.2,
        14.9,
        11.4,
        8.0,
        10.0,
        9.1,
        13.1,
        9.3,
        11.6,
        13.7,
        9.7,
        10.6,
        11.4,
        9.5,
        10.0,
        11.8
      ],
      [
        13.6,
        18.0,
        14.0,
        11.3,
        13.1,
        12.7,
        11.7,
        13.6,
        11.8,
        11.2,
        11.9,
        8.9,
        12.9,
        12.7,
        10.9,
        12.1,
        13.0,
        15.5
      ],
      [
        5.7,
        5.0,
        4.9,
        7.6,
        4.9,
        6.3,
        6.2,
        6.1,
        5.9,
        5.4,
        4.0,
        5.3,
        4.9,
        6.6,
        7.3,
        9.1,
        11.6,
        14.3
      ],
      [
        53.8,
        53.6,
        50.8,
        47.9,
        48.4,
        50.5,
        56.7,
        48.7,
        49.6,
        51.4,
        41.5,
        41.6,
        40.1,
        43.8,
        46.0,
        45.6,
        44.5,
        45.4
      ]
    ]
  },
  {
    "name": "20 Gipuzkoa",
    "data": [
      [
        304.1,
        308.3,
        307.0,
        319.3,
        318.3,
        309.7,
        308.8,
        308.9,
        288.0,
        299.9,
        284.9,
        281.7,
        285.0,
        308.0,
        318.8,
        318.5,
        315.2,
        339.1
      ],
      [
        7.0,
        6.2,
        3.7,
        2.3,
        1.2,
        3.0,
        3.1,
        2.4,
        2.4,
        2.6,
        3.7,
        4.1,
        2.9,
        2.6,
        4.8,
        4.4,
        3.4,
        4.5
      ],
      [
        61.5,
        78.2,
        75.7,
        71.8,
        74.8,
        70.7,
        69.5,
        77.9,
        73.1,
        66.7,
        69.0,
        70.7,
        68.8,
        78.7,
        84.6,
        83.4,
        89.4,
        96.5
      ],
      [
        16.8,
        12.1,
        18.0,
        13.0,
        13.9,
        14.5,
        17.1,
        16.7,
        14.4,
        17.2,
        13.3,
        16.6,
        19.1,
        18.6,
        17.6,
        21.5,
        24.4,
        28.7
      ],
      [
        218.9,
        211.7,
        209.7,
        232.3,
        228.4,
        221.5,
        219.1,
        211.9,
        198.1,
        213.4,
        199.0,
        190.2,
        194.2,
        208.1,
        211.9,
        209.2,
        198.0,
        209.4
      ]
    ]
  },
  {
    "name": "17 Girona",
    "data": [
      [
        386.5,
        367.3,
        366.7,
        363.0,
        338.4,
        348.2,
        335.6,
        318.3,
        308.1,
        308.4,
        302.5,
        289.7,
        290.8,
        294.9,
        310.6,
        315.4,
        325.1,
        350.1
      ],
      [
        6.1,
        9.4,
        7.2,
        2.8,
        4.3,
        8.4,
        8.6,
        7.9,
        10.0,
        10.3,
        5.8,
        6.5,
        4.6,
        9.5,
        10.0,
        10.1,
        8.9,
        6.7
      ],
      [
        72.7,
        75.7,
        67.0,
        71.2,
        72.5,
        67.9,
        70.8,
        71.6,
        61.9,
        70.5,
        65.7,
        68.3,
        63.5,
        54.5,
        61.9,
        59.8,
        66.9,
        74.0
      ],
      [
        25.6,
        29.4,
        30.8,
        27.0,
        24.4,
        26.1,
        25.2,
        24.4,
        24.3,
        18.0,
        23.0,
        19.8,
        25.3,
        27.5,
        32.7,
        33.3,
        44.2,
        57.1
      ],
      [
        282.1,
        252.8,
        261.7,
        262.0,
        237.3,
        245.7,
        231.0,
        214.4,
        211.8,
        209.7,
        208.1,
        195.0,
        197.4,
        203.4,
        206.1,
        212.2,
        205.1,
        212.3
      ]
    ]
  },
  {
    "name": "18 Granada",
    "data": [
      [
        359.1,
        351.6,
        361.9,
        354.6,
        330.8,
        336.5,
        332.5,
        325.9,
        329.4,
        310.6,
        294.0,
        281.9,
        279.3,
        289.9,
        306.1,
        314.0,
        320.0,
        348.8
      ],
      [
        35.7,
        21.0,
        15.2,
        19.9,
        33.8,
        38.0,
        38.3,
        31.9,
        31.2,
        26.3,
        21.1,
        34.5,
        25.5,
        23.0,
        19.6,
        38.6,
        37.0,
        29.0
      ],
      [
        24.0,
        27.4,
        32.8,
        28.3,
        32.7,
        27.9,
        28.4,
        24.8,
        25.9,
        26.5,
        28.3,
        23.1,
        24.0,
        24.8,
        25.7,
        27.9,
        28.1,
        33.3
      ],
      [
        27.8,
        24.0,
        23.2,
        21.1,
        20.8,
        24.2,
        24.8,
        18.8,
        17.6,
        15.5,
        13.8,
        11.2,
        11.9,
        20.1,
        22.1,
        23.1,
        33.7,
        57.7
      ],
      [
        271.6,
        279.1,
        290.7,
        285.4,
        243.5,
        246.4,
        241.0,
        250.5,
        254.6,
        242.3,
        230.9,
        213.1,
        217.9,
        221.9,
        238.6,
        224.3,
        221.2,
        228.7
      ]
    ]
  },
  {
    "name": "19 Guadalajara",
    "data": [
      [
        135.2,
        130.0,
        132.1,
        119.8,
        114.6,
        117.9,
        124.2,
        116.4,
        109.3,
        109.8,
        108.0,
        101.4,
        102.0,
        106.3,
        107.2,
        105.2,
        108.9,
        110.9
      ],
      [
        2.6,
        2.9,
        2.3,
        2.1,
        1.7,
        0.6,
        1.5,
        4.6,
        3.5,
        1.3,
        2.7,
        2.4,
        1.8,
        3.6,
        2.7,
        5.2,
        2.2,
        4.2
      ],
      [
        15.9,
        18.5,
        16.8,
        14.3,
        16.0,
        16.3,
        16.9,
        15.7,
        17.0,
        15.3,
        15.0,
        14.2,
        17.5,
        13.7,
        18.4,
        19.9,
        19.6,
        18.9
      ],
      [
        11.2,
        9.2,
        9.2,
        7.0,
        8.4,
        9.0,
        10.6,
        8.8,
        5.5,
        9.0,
        5.4,
        3.9,
        5.1,
        9.7,
        9.7,
        7.6,
        12.0,
        12.4
      ],
      [
        105.4,
        99.4,
        103.8,
        96.4,
        88.5,
        91.9,
        95.2,
        87.4,
        83.3,
        84.2,
        84.9,
        80.9,
        77.6,
        79.2,
        76.4,
        72.6,
        75.1,
        75.4
      ]
    ]
  },
  {
    "name": "21 Huelva",
    "data": [
      [
        219.3,
        208.8,
        198.4,
        196.7,
        182.1,
        194.6,
        193.5,
        189.6,
        179.7,
        168.7,
        171.9,
        172.1,
        149.7,
        170.3,
        171.3,
        181.8,
        179.2,
        197.5
      ],
      [
        25.0,
        24.8,
        30.2,
        38.4,
        31.2,
        38.1,
        44.0,
        37.4,
        33.4,
        40.2,
        37.3,
        46.1,
        24.4,
        28.3,
        28.2,
        26.3,
        23.6,
        27.0
      ],
      [
        22.6,
        21.3,
        22.8,
        18.6,
        22.7,
        19.5,
        15.8,
        20.9,
        18.8,
        14.3,
        16.8,
        16.2,
        18.6,
        17.6,
        14.0,
        20.7,
        19.1,
        21.8
      ],
      [
        14.5,
        11.9,
        11.4,
        11.7,
        9.9,
        7.7,
        12.2,
        9.6,
        12.7,
        7.8,
        11.6,
        5.6,
        7.1,
        9.4,
        12.3,
        13.5,
        17.7,
        27.6
      ],
      [
        157.2,
        150.8,
        133.9,
        128.1,
        118.3,
        129.3,
        121.5,
        121.6,
        114.9,
        106.4,
        106.2,
        104.2,
        99.6,
        115.1,
        116.8,
        121.4,
        118.8,
        121.1
      ]
    ]
  },
  {
    "name": "22 Huesca",
    "data": [
      [
        106.7,
        102.1,
        100.5,
        103.4,
        99.2,
        98.2,
        95.7,
        94.3,
        94.3,
        91.0,
        90.3,
        83.1,
        90.0,
        96.9,
        96.5,
        97.5,
        99.9,
        105.9
      ],
      [
        13.6,
        14.0,
        11.8,
        11.6,
        11.0,
        14.3,
        10.8,
        13.5,
        14.4,
        12.0,
        11.3,
        9.2,
        11.0,
        12.5,
        15.2,
        9.5,
        9.2,
        9.5
      ],
      [
        14.4,
        15.2,
        20.9,
        18.6,
        17.1,
        17.1,
        13.6,
        12.2,
        11.3,
        13.9,
        15.5,
        12.8,
        11.3,
        14.4,
        14.4,
        14.1,
        19.4,
        21.3
      ],
      [
        11.0,
        10.0,
        5.2,
        8.0,
        9.0,
        7.3,
        5.9,
        4.0,
        4.9,
        6.8,
        7.6,
        5.8,
        6.7,
        6.3,
        9.3,
        9.5,
        9.9,
        13.5
      ],
      [
        67.8,
        62.8,
        62.7,
        65.2,
        62.1,
        59.4,
        65.3,
        64.6,
        63.7,
        58.4,
        55.9,
        55.3,
        61.1,
        63.6,
        57.7,
        64.3,
        61.4,
        61.5
      ]
    ]
  },
  {
    "name": "23 Jaén",
    "data": [
      [
        232.0,
        220.3,
        231.2,
        229.7,
        222.2,
        216.2,
        224.4,
        223.1,
        223.5,
        208.3,
        191.9,
        215.5,
        181.5,
        206.3,
        234.2,
        240.4,
        241.3,
        254.3
      ],
      [
        42.9,
        33.7,
        35.7,
        34.5,
        44.6,
        32.5,
        38.2,
        38.5,
        48.7,
        38.4,
        22.7,
        60.8,
        18.0,
        34.2,
        47.3,
        56.2,
        42.6,
        43.9
      ],
      [
        27.1,
        27.0,
        27.3,
        30.8,
        31.5,
        31.5,
        29.8,
        27.5,
        26.9,
        23.3,
        18.8,
        19.2,
        20.7,
        21.5,
        25.1,
        27.4,
        29.7,
        37.8
      ],
      [
        14.9,
        16.0,
        14.7,
        13.3,
        10.8,
        10.3,
        10.3,
        10.2,
        8.3,
        9.2,
        8.9,
        7.7,
        9.9,
        14.0,
        17.1,
        15.9,
        23.1,
        31.2
      ],
      [
        147.1,
        143.5,
        153.6,
        151.1,
        135.3,
        142.0,
        146.2,
        147.0,
        139.6,
        137.4,
        141.5,
        127.9,
        132.9,
        136.6,
        144.7,
        140.9,
        145.9,
        141.4
      ]
    ]
  },
  {
    "name": "24 León",
    "data": [
      [
        173.7,
        169.5,
        177.6,
        177.6,
        164.1,
        170.8,
        174.5,
        171.9,
        166.4,
        162.4,
        158.3,
        155.9,
        163.3,
        172.1,
        177.4,
        181.4,
        187.4,
        198.0
      ],
      [
        8.2,
        7.8,
        8.1,
        7.4,
        6.4,
        8.4,
        7.9,
        6.8,
        8.2,
        7.6,
        7.7,
        9.3,
        9.3,
        8.3,
        10.0,
        7.6,
        10.9,
        14.2
      ],
      [
        27.0,
        24.3,
        24.4,
        18.2,
        18.9,
        26.1,
        24.7,
        28.4,
        25.8,
        23.8,
        23.6,
        21.8,
        22.3,
        24.0,
        22.3,
        29.8,
        25.7,
        27.9
      ],
      [
        9.3,
        9.2,
        12.2,
        15.1,
        11.8,
        7.3,
        12.1,
        12.6,
        10.1,
        11.9,
        11.1,
        11.5,
        12.1,
        13.9,
        12.4,
        17.3,
        21.2,
        22.4
      ],
      [
        129.2,
        128.1,
        132.9,
        136.9,
        127.0,
        129.1,
        129.8,
        124.0,
        122.3,
        119.1,
        116.0,
        113.3,
        119.6,
        125.9,
        132.7,
        126.7,
        129.6,
        133.5
      ]
    ]
  },
  {
    "name": "25 Lleida",
    "data": [
      [
        219.6,
        217.9,
        196.4,
        210.0,
        201.8,
        204.7,
        193.3,
        183.0,
        183.7,
        188.6,
        182.0,
        176.6,
        184.6,
        179.9,
        192.9,
        188.0,
        204.0,
        204.5
      ],
      [
        12.5,
        15.7,
        15.8,
        26.6,
        25.8,
        18.5,
        18.7,
        18.6,
        18.2,
        18.0,
        17.4,
        15.2,
        22.9,
        20.0,
        20.2,
        17.0,
        19.3,
        14.9
      ],
      [
        34.0,
        39.5,
        33.1,
        27.7,
        29.1,
        26.7,
        24.6,
        24.0,
        25.4,
        27.5,
        22.5,
        22.0,
        26.9,
        25.2,
        32.6,
        30.1,
        35.0,
        31.1
      ],
      [
        24.5,
        17.9,
        13.8,
        16.7,
        13.6,
        15.8,
        13.7,
        14.5,
        15.1,
        17.2,
        14.2,
        17.1,
        13.8,
        14.6,
        18.3,
        19.1,
        22.7,
        33.5
      ],
      [
        148.6,
        144.8,
        133.6,
        139.0,
        133.3,
        143.6,
        136.3,
        125.9,
        125.0,
        126.0,
        127.9,
        122.2,
        121.0,
        120.1,
        121.8,
        121.8,
        127.0,
        125.0
      ]
    ]
  },
  {
    "name": "27 Lugo",
    "data": [
      [
        136.8,
        138.4,
        137.4,
        131.4,
        137.0,
        134.9,
        131.9,
        134.9,
        129.2,
        131.4,
        126.6,
        124.4,
        124.9,
        133.6,
        141.1,
        139.2,
        143.6,
        147.4
      ],
      [
        19.8,
        21.6,
        22.6,
        17.2,
        16.8,
        20.0,
        18.1,
        18.8,
        19.5,
        18.9,
        19.6,
        24.4,
        23.8,
        23.7,
        27.0,
        28.0,
        23.9,
        27.9
      ],
      [
        20.1,
        17.8,
        15.2,
        14.6,
        14.5,
        16.1,
        15.9,
        15.2,
        14.3,
        13.5,
        13.9,
        11.5,
        13.5,
        16.0,
        15.2,
        14.7,
        21.7,
        20.9
      ],
      [
        10.2,
        8.5,
        9.4,
        7.1,
        9.1,
        7.5,
        8.5,
        8.7,
        10.2,
        12.6,
        8.4,
        6.5,
        8.3,
        11.8,
        15.0,
        13.6,
        13.6,
        17.7
      ],
      [
        86.7,
        90.6,
        90.1,
        92.5,
        96.5,
        91.4,
        89.4,
        92.2,
        85.1,
        86.5,
        84.7,
        82.0,
        79.2,
        82.0,
        83.9,
        82.9,
        84.4,
        80.8
      ]
    ]
  },
  {
    "name": "28 Madrid",
    "data": [
      [
        3515.9,
        3406.2,
        3269.7,
        3186.1,
        3119.2,
        3147.0,
        3032.0,
        2948.9,
        2856.6,
        2817.0,
        2786.6,
        2636.1,
        2760.7,
        2837.3,
        2930.3,
        2930.1,
        3016.5,
        3126.1
      ],
      [
        10.7,
        11.8,
        13.6,
        6.3,
        2.9,
        2.4,
        6.4,
        1.9,
        4.9,
        5.9,
        5.1,
        12.0,
        6.4,
        6.1,
        5.4,
        4.8,
        13.5,
        22.4
      ],
      [
        296.5,
        303.1,
        303.6,
        280.1,
        255.1,
        265.5,
        274.6,
        250.3,
        251.3,
        235.9,
        268.5,
        244.3,
        264.2,
        270.1,
        263.2,
        260.7,
        298.3,
        343.5
      ],
      [
        207.7,
        206.1,
        185.3,
        176.5,
        203.6,
        206.2,
        204.1,
        161.4,
        134.7,
        132.4,
        153.0,
        127.7,
        141.9,
        133.1,
        203.6,
        190.8,
        254.4,
        331.4
      ],
      [
        3000.9,
        2885.1,
        2767.3,
        2723.2,
        2657.6,
        2672.9,
        2546.9,
        2535.3,
        2465.8,
        2442.8,
        2359.9,
        2252.1,
        2348.2,
        2428.1,
        2458.3,
        2473.8,
        2450.2,
        2428.8
      ]
    ]
  },
  {
    "name": "29 Málaga",
    "data": [
      [
        759.9,
        721.6,
        692.4,
        649.8,
        612.5,
        639.5,
        647.4,
        596.3,
        564.4,
        578.2,
        549.1,
        496.7,
        488.2,
        513.0,
        524.1,
        539.7,
        550.7,
        614.5
      ],
      [
        19.0,
        15.5,
        15.2,
        19.8,
        17.7,
        27.6,
        15.3,
        20.9,
        17.0,
        27.0,
        23.4,
        15.4,
        14.0,
        12.2,
        9.7,
        10.7,
        19.6,
        15.3
      ],
      [
        47.7,
        43.7,
        39.8,
        36.5,
        25.7,
        46.6,
        39.4,
        33.2,
        35.5,
        27.7,
        25.3,
        21.0,
        23.4,
        26.1,
        23.7,
        23.9,
        28.2,
        50.8
      ],
      [
        64.7,
        62.5,
        47.7,
        65.2,
        47.6,
        49.6,
        62.7,
        50.6,
        41.9,
        32.0,
        35.0,
        29.7,
        29.2,
        38.6,
        49.5,
        62.2,
        66.2,
        96.1
      ],
      [
        628.6,
        599.9,
        589.7,
        528.4,
        521.5,
        515.7,
        530.1,
        491.5,
        470.1,
        491.5,
        465.4,
        430.6,
        421.6,
        436.1,
        441.1,
        442.9,
        436.6,
        452.3
      ]
    ]
  },
  {
    "name": "30 Murcia",
    "data": [
      [
        676.1,
        671.7,
        653.7,
        643.3,
        610.8,
        604.8,
        602.9,
        573.3,
        570.8,
        542.0,
        513.4,
        522.9,
        504.7,
        534.0,
        538.8,
        559.9,
        585.1,
        642.5
      ],
      [
        75.0,
        77.1,
        70.1,
        78.5,
        67.6,
        68.0,
        80.8,
        72.5,
        76.9,
        69.3,
        66.8,
        71.6,
        61.9,
        69.2,
        71.8,
        76.2,
        64.4,
        52.6
      ],
      [
        83.5,
        72.9,
        80.2,
        81.1,
        86.8,
        84.9,
        83.5,
        73.4,
        68.5,
        68.4,
        67.8,
        68.2,
        69.2,
        69.3,
        66.0,
        71.4,
        80.5,
        101.5
      ],
      [
        41.9,
        41.7,
        48.4,
        39.5,
        38.6,
        37.6,
        41.3,
        31.1,
        36.0,
        27.7,
        30.2,
        23.6,
        33.6,
        32.8,
        48.6,
        51.4,
        64.6,
        106.4
      ],
      [
        475.7,
        480.0,
        454.9,
        444.2,
        417.7,
        414.3,
        397.2,
        396.4,
        389.5,
        376.6,
        348.6,
        359.5,
        340.0,
        362.8,
        352.3,
        360.9,
        375.6,
        382.1
      ]
    ]
  },
  {
    "name": "31 Navarra",
    "data": [
      [
        311.4,
        303.9,
        288.5,
        290.2,
        279.4,
        284.3,
        283.7,
        276.1,
        276.0,
        262.8,
        258.2,
        260.3,
        256.8,
        266.2,
        278.9,
        276.2,
        285.7,
        297.4
      ],
      [
        8.7,
        10.1,
        9.4,
        6.7,
        6.0,
        10.3,
        9.9,
        12.0,
        11.9,
        7.8,
        9.2,
        14.0,
        13.8,
        8.1,
        7.4,
        12.6,
        13.8,
        13.3
      ],
      [
        91.8,
        77.4,
        72.8,
        72.0,
        75.8,
        76.7,
        74.6,
        71.0,
        71.4,
        64.4,
        64.3,
        67.2,
        67.6,
        69.1,
        67.1,
        75.9,
        82.0,
        80.5
      ],
      [
        16.1,
        18.9,
        18.7,
        23.0,
        19.8,
        14.0,
        16.5,
        17.9,
        12.8,
        14.0,
        15.3,
        12.7,
        14.0,
        18.1,
        23.6,
        21.9,
        27.1,
        35.5
      ],
      [
        194.7,
        197.6,
        187.6,
        188.4,
        177.9,
        183.3,
        182.6,
        175.3,
        179.9,
        176.6,
        169.4,
        166.4,
        161.3,
        170.9,
        180.8,
        165.8,
        162.7,
        168.1
      ]
    ]
  },
  {
    "name": "32 Ourense",
    "data": [
      [
        112.8,
        118.0,
        113.4,
        114.6,
        114.0,
        112.0,
        110.1,
        111.4,
        107.2,
        102.2,
        104.6,
        103.7,
        106.0,
        116.3,
        117.2,
        120.5,
        135.5,
        137.8
      ],
      [
        5.9,
        4.9,
        4.8,
        6.3,
        5.7,
        4.7,
        4.7,
        5.3,
        6.8,
        5.5,
        4.6,
        4.1,
        5.1,
        6.5,
        9.5,
        8.1,
        14.9,
        10.9
      ],
      [
        18.0,
        18.4,
        15.0,
        17.7,
        19.8,
        20.3,
        17.5,
        17.1,
        16.1,
        18.1,
        18.2,
        17.1,
        18.1,
        20.5,
        18.7,
        18.6,
        29.5,
        27.8
      ],
      [
        8.0,
        7.1,
        7.2,
        8.9,
        6.7,
        8.4,
        7.3,
        8.2,
        6.2,
        7.8,
        8.5,
        8.6,
        8.0,
        10.9,
        12.2,
        12.2,
        9.0,
        14.6
      ],
      [
        80.8,
        87.6,
        86.4,
        81.8,
        81.8,
        78.6,
        80.5,
        80.8,
        78.0,
        70.7,
        73.4,
        73.9,
        74.8,
        78.4,
        76.7,
        81.6,
        82.1,
        84.5
      ]
    ]
  },
  {
    "name": "34 Palencia",
    "data": [
      [
        65.0,
        68.3,
        65.3,
        65.0,
        64.1,
        62.5,
        61.6,
        64.4,
        63.4,
        62.0,
        57.0,
        57.2,
        61.3,
        64.1,
        63.9,
        67.8,
        63.2,
        69.6
      ],
      [
        2.5,
        4.2,
        4.3,
        4.9,
        4.1,
        4.1,
        4.6,
        4.6,
        6.4,
        5.4,
        7.0,
        6.3,
        6.5,
        6.6,
        3.7,
        5.1,
        4.2,
        6.1
      ],
      [
        11.1,
        13.3,
        13.0,
        12.1,
        14.1,
        12.6,
        13.2,
        14.9,
        13.9,
        12.6,
        11.0,
        11.0,
        8.9,
        12.6,
        11.3,
        12.4,
        12.5,
        14.4
      ],
      [
        4.1,
        5.3,
        4.6,
        3.4,
        3.8,
        4.4,
        4.1,
        3.3,
        3.7,
        3.3,
        2.9,
        3.8,
        3.4,
        5.3,
        4.3,
        5.8,
        5.6,
        7.8
      ],
      [
        47.3,
        45.6,
        43.4,
        44.6,
        42.1,
        41.3,
        39.6,
        41.6,
        39.3,
        40.8,
        36.1,
        36.0,
        42.5,
        39.6,
        44.6,
        44.4,
        40.9,
        41.4
      ]
    ]
  },
  {
    "name": "35 Palmas, Las",
    "data": [
      [
        535.3,
        521.3,
        522.4,
        466.5,
        396.4,
        488.9,
        444.2,
        458.2,
        412.0,
        418.6,
        399.8,
        393.1,
        388.5,
        385.2,
        389.5,
        400.7,
        403.2,
        448.3
      ],
      [
        11.7,
        8.5,
        6.6,
        8.0,
        10.9,
        10.9,
        9.5,
        10.1,
        9.6,
        11.3,
        8.8,
        14.0,
        8.0,
        12.4,
        9.0,
        11.5,
        8.9,
        12.7
      ],
      [
        23.0,
        29.1,
        23.3,
        24.4,
        25.4,
        21.1,
        19.4,
        19.0,
        15.9,
        23.6,
        17.3,
        21.0,
        20.4,
        16.2,
        21.6,
        23.4,
        21.9,
        28.5
      ],
      [
        44.5,
        38.9,
        30.5,
        38.3,
        24.4,
        26.8,
        21.5,
        18.7,
        18.1,
        16.7,
        18.5,
        17.4,
        25.3,
        20.6,
        26.5,
        35.6,
        32.2,
        59.3
      ],
      [
        456.1,
        444.7,
        462.0,
        395.8,
        335.7,
        430.2,
        393.8,
        410.5,
        368.4,
        367.1,
        355.2,
        340.8,
        334.8,
        336.0,
        332.4,
        330.2,
        340.2,
        347.7
      ]
    ]
  },
  {
    "name": "36 Pontevedra",
    "data": [
      [
        410.6,
        390.2,
        388.4,
        383.5,
        366.4,
        372.0,
        362.9,
        351.0,
        349.8,
        345.7,
        326.2,
        334.5,
        338.0,
        346.4,
        361.9,
        371.1,
        393.4,
        422.9
      ],
      [
        17.0,
        21.0,
        17.4,
        19.5,
        19.9,
        20.4,
        19.8,
        20.0,
        22.3,
        21.5,
        18.0,
        17.9,
        19.0,
        19.9,
        21.0,
        23.0,
        28.2,
        27.1
      ],
      [
        80.9,
        74.8,
        67.8,
        75.3,
        74.5,
        84.9,
        69.7,
        68.3,
        67.3,
        67.1,
        61.1,
        66.5,
        65.4,
        66.3,
        71.1,
        72.4,
        83.8,
        90.3
      ],
      [
        26.1,
        27.7,
        28.0,
        24.0,
        24.3,
        25.2,
        22.5,
        20.2,
        22.4,
        22.7,
        22.3,
        22.7,
        26.0,
        24.1,
        26.3,
        33.0,
        37.2,
        49.4
      ],
      [
        286.6,
        266.7,
        275.1,
        264.6,
        247.6,
        241.5,
        250.9,
        242.5,
        237.7,
        234.4,
        224.8,
        227.3,
        227.6,
        236.2,
        243.4,
        242.7,
        244.1,
        256.2
      ]
    ]
  },
  {
    "name": "26 Rioja, La",
    "data": [
      [
        148.5,
        143.1,
        145.4,
        142.7,
        139.0,
        138.8,
        138.3,
        134.9,
        134.3,
        130.3,
        126.9,
        125.4,
        124.1,
        127.8,
        135.9,
        135.5,
        144.3,
        149.0
      ],
      [
        10.4,
        8.3,
        7.4,
        8.6,
        8.2,
        9.0,
        6.8,
        6.5,
        7.7,
        7.6,
        8.0,
        8.1,
        8.5,
        6.7,
        6.7,
        5.6,
        5.2,
        6.7
      ],
      [
        40.2,
        36.5,
        39.9,
        40.4,
        36.4,
        33.9,
        33.6,
        32.2,
        32.8,
        32.6,
        31.5,
        32.5,
        31.6,
        30.0,
        35.9,
        32.6,
        37.5,
        37.5
      ],
      [
        8.0,
        10.9,
        12.4,
        9.7,
        8.4,
        7.2,
        8.6,
        6.7,
        5.5,
        5.8,
        8.5,
        6.7,
        9.4,
        12.5,
        13.1,
        14.9,
        14.8,
        17.8
      ],
      [
        89.9,
        87.3,
        85.7,
        84.0,
        86.0,
        88.6,
        89.3,
        89.5,
        88.3,
        84.3,
        78.8,
        78.2,
        74.5,
        78.6,
        80.2,
        82.4,
        86.8,
        86.9
      ]
    ]
  },
  {
    "name": "37 Salamanca",
    "data": [
      [
        140.8,
        130.3,
        136.4,
        135.8,
        124.9,
        129.1,
        130.4,
        129.6,
        123.7,
        124.2,
        124.2,
        119.0,
        122.2,
        130.4,
        128.2,
        130.6,
        127.1,
        143.2
      ],
      [
        9.4,
        5.9,
        8.9,
        6.0,
        6.9,
        8.3,
        8.1,
        11.3,
        7.3,
        9.9,
        11.9,
        8.6,
        9.8,
        9.6,
        6.3,
        8.1,
        7.0,
        10.2
      ],
      [
        14.8,
        13.3,
        11.9,
        19.1,
        18.7,
        16.0,
        17.4,
        15.3,
        17.0,
        18.9,
        15.2,
        11.4,
        14.9,
        15.2,
        16.8,
        19.9,
        19.2,
        17.0
      ],
      [
        9.2,
        12.0,
        9.5,
        11.5,
        5.8,
        8.4,
        8.3,
        9.0,
        6.5,
        8.0,
        5.7,
        6.8,
        6.1,
        10.4,
        10.1,
        9.9,
        17.5,
        13.3
      ],
      [
        107.4,
        99.1,
        106.1,
        99.2,
        93.6,
        96.4,
        96.6,
        94.0,
        92.9,
        87.3,
        91.4,
        92.3,
        91.5,
        95.2,
        94.9,
        92.7,
        83.4,
        102.6
      ]
    ]
  },
  {
    "name": "38 Santa Cruz de Tenerife",
    "data": [
      [
        488.8,
        474.9,
        427.1,
        426.1,
        377.4,
        441.3,
        448.2,
        421.2,
        397.7,
        393.3,
        371.7,
        344.4,
        346.7,
        367.3,
        381.0,
        367.2,
        369.7,
        409.1
      ],
      [
        10.1,
        11.4,
        11.5,
        16.4,
        14.0,
        14.4,
        14.9,
        13.6,
        10.8,
        11.0,
        14.4,
        14.9,
        13.8,
        10.7,
        13.9,
        14.1,
        13.0,
        16.7
      ],
      [
        23.6,
        21.9,
        21.8,
        20.5,
        16.1,
        16.8,
        21.4,
        17.7,
        17.4,
        15.5,
        16.6,
        17.7,
        20.0,
        19.5,
        19.4,
        22.7,
        25.8,
        32.4
      ],
      [
        29.6,
        30.7,
        23.6,
        24.5,
        21.2,
        22.5,
        26.4,
        28.3,
        21.5,
        20.0,
        21.2,
        17.1,
        20.4,
        23.5,
        34.1,
        36.2,
        41.2,
        63.0
      ],
      [
        425.5,
        410.9,
        370.2,
        364.8,
        326.1,
        387.7,
        385.6,
        361.6,
        347.9,
        346.8,
        319.5,
        294.7,
        292.5,
        313.6,
        313.6,
        294.1,
        289.7,
        297.0
      ]
    ]
  },
  {
    "name": "40 Segovia",
    "data": [
      [
        73.9,
        74.1,
        70.2,
        68.2,
        66.4,
        68.8,
        65.6,
        64.1,
        69.6,
        64.3,
        67.0,
        66.4,
        61.7,
        63.0,
        68.6,
        70.1,
        67.1,
        67.7
      ],
      [
        6.0,
        6.6,
        7.3,
        5.6,
        6.6,
        6.9,
        7.2,
        5.9,
        6.1,
        5.6,
        6.9,
        8.5,
        6.0,
        5.6,
        5.1,
        6.3,
        7.2,
        6.7
      ],
      [
        13.3,
        12.5,
        12.1,
        11.0,
        10.0,
        12.9,
        12.2,
        10.1,
        9.9,
        9.2,
        8.9,
        9.6,
        6.9,
        7.7,
        8.5,
        11.0,
        12.2,
        10.4
      ],
      [
        6.1,
        6.7,
        8.3,
        6.6,
        4.5,
        4.8,
        4.2,
        6.6,
        7.0,
        5.8,
        4.8,
        4.7,
        5.0,
        6.6,
        7.6,
        7.5,
        7.9,
        11.9
      ],
      [
        48.5,
        48.4,
        42.5,
        45.0,
        45.3,
        44.3,
        42.1,
        41.5,
        46.5,
        43.7,
        46.5,
        43.7,
        43.9,
        43.0,
        47.4,
        45.3,
        39.8,
        38.7
      ]
    ]
  },
  {
    "name": "41 Sevilla",
    "data": [
      [
        815.4,
        790.3,
        797.5,
        766.6,
        700.5,
        736.6,
        729.1,
        706.0,
        680.9,
        665.1,
        640.2,
        614.4,
        628.3,
        659.6,
        688.9,
        680.2,
        718.6,
        765.0
      ],
      [
        32.5,
        27.2,
        37.1,
        33.6,
        36.1,
        37.3,
        34.7,
        40.3,
        33.2,
        37.1,
        33.4,
        37.5,
        36.7,
        24.5,
        34.7,
        35.4,
        38.0,
        33.0
      ],
      [
        93.2,
        85.6,
        83.4,
        69.6,
        70.2,
        76.8,
        76.2,
        70.0,
        69.7,
        60.4,
        62.6,
        66.4,
        62.3,
        77.0,
        77.0,
        74.9,
        75.2,
        81.9
      ],
      [
        55.5,
        42.0,
        46.1,
        53.3,
        48.3,
        40.8,
        37.0,
        39.0,
        32.0,
        33.2,
        33.5,
        29.3,
        32.9,
        43.5,
        51.0,
        56.3,
        69.9,
        103.9
      ],
      [
        634.2,
        635.5,
        630.9,
        610.2,
        546.0,
        581.8,
        581.2,
        556.7,
        545.9,
        534.4,
        510.7,
        481.2,
        496.4,
        514.6,
        526.1,
        513.7,
        535.5,
        546.2
      ]
    ]
  },
  {
    "name": "42 Soria",
    "data": [
      [
        41.1,
        40.3,
        37.7,
        40.0,
        37.4,
        40.3,
        39.5,
        39.8,
        38.5,
        34.6,
        37.5,
        36.8,
        36.4,
        38.6,
        39.3,
        40.0,
        39.0,
        43.4
      ],
      [
        3.4,
        3.1,
        3.0,
        2.9,
        3.5,
        3.0,
        3.6,
        4.9,
        4.6,
        4.0,
        3.3,
        4.1,
        3.7,
        3.9,
        3.5,
        3.2,
        3.6,
        4.8
      ],
      [
        8.3,
        8.7,
        10.1,
        8.6,
        8.5,
        9.3,
        9.4,
        7.5,
        8.3,
        7.1,
        6.7,
        7.5,
        7.5,
        9.4,
        8.2,
        8.5,
        8.9,
        9.2
      ],
      [
        2.0,
        3.2,
        3.1,
        2.6,
        2.0,
        2.3,
        2.4,
        3.1,
        2.6,
        2.1,
        3.5,
        2.2,
        2.3,
        3.0,
        3.8,
        4.6,
        4.7,
        5.5
      ],
      [
        27.4,
        25.3,
        21.4,
        25.8,
        23.3,
        25.7,
        24.2,
        24.2,
        23.0,
        21.4,
        24.1,
        23.0,
        22.8,
        22.4,
        23.8,
        23.7,
        21.8,
        23.9
      ]
    ]
  },
  {
    "name": "43 Tarragona",
    "data": [
      [
        375.9,
        367.7,
        361.5,
        338.9,
        341.2,
        341.4,
        325.0,
        333.2,
        303.7,
        310.7,
        311.1,
        291.7,
        290.5,
        317.9,
        331.8,
        325.4,
        339.1,
        377.7
      ],
      [
        11.7,
        12.0,
        14.6,
        17.1,
        12.8,
        12.6,
        16.1,
        15.9,
        14.6,
        16.6,
        13.8,
        12.3,
        14.7,
        15.1,
        20.6,
        15.8,
        13.5,
        15.9
      ],
      [
        71.1,
        72.0,
        69.9,
        69.6,
        54.1,
        62.2,
        61.4,
        59.6,
        56.5,
        54.2,
        57.9,
        49.6,
        51.7,
        57.0,
        62.1,
        54.0,
        55.6,
        76.3
      ],
      [
        27.7,
        24.9,
        27.1,
        21.1,
        25.7,
        20.5,
        20.9,
        28.8,
        24.0,
        22.0,
        25.7,
        26.1,
        25.5,
        30.3,
        32.5,
        36.9,
        47.6,
        64.4
      ],
      [
        265.4,
        258.9,
        249.8,
        231.0,
        248.5,
        246.0,
        226.7,
        229.0,
        208.5,
        217.9,
        213.7,
        203.7,
        198.7,
        215.4,
        216.6,
        218.7,
        222.4,
        221.1
      ]
    ]
  },
  {
    "name": "44 Teruel",
    "data": [
      [
        65.6,
        61.0,
        57.0,
        59.4,
        55.6,
        56.7,
        55.4,
        55.3,
        52.9,
        56.1,
        51.4,
        50.3,
        51.6,
        55.2,
        58.5,
        60.4,
        62.1,
        64.9
      ],
      [
        7.9,
        5.7,
        6.7,
        6.0,
        6.1,
        4.0,
        5.9,
        5.8,
        6.3,
        6.4,
        5.2,
        4.8,
        4.9,
        6.2,
        6.6,
        7.8,
        7.1,
        6.5
      ],
      [
        14.2,
        11.0,
        10.1,
        10.4,
        12.3,
        12.1,
        11.2,
        12.0,
        10.3,
        11.4,
        11.5,
        8.9,
        10.0,
        10.8,
        11.4,
        12.4,
        11.7,
        12.4
      ],
      [
        4.9,
        5.8,
        3.6,
        5.7,
        5.1,
        4.9,
        3.8,
        3.1,
        5.7,
        5.3,
        5.2,
        4.5,
        4.9,
        5.1,
        6.5,
        6.4,
        8.4,
        9.7
      ],
      [
        38.6,
        38.6,
        36.6,
        37.3,
        32.1,
        35.7,
        34.6,
        34.3,
        30.6,
        32.9,
        29.4,
        32.1,
        31.9,
        33.2,
        34.0,
        33.8,
        34.9,
        36.2
      ]
    ]
  },
  {
    "name": "45 Toledo",
    "data": [
      [
        316.6,
        306.7,
        305.1,
        315.9,
        288.1,
        274.8,
        277.7,
        258.0,
        263.9,
        242.4,
        241.7,
        235.9,
        240.7,
        259.5,
        265.9,
        266.2,
        266.9,
        295.3
      ],
      [
        9.6,
        12.8,
        14.8,
        19.2,
        12.4,
        14.1,
        13.7,
        17.5,
        17.4,
        10.4,
        8.8,
        10.6,
        10.1,
        14.2,
        14.4,
        9.6,
        13.4,
        13.4
      ],
      [
        60.5,
        48.9,
        47.8,
        51.7,
        50.5,
        46.1,
        53.9,
        52.3,
        49.9,
        46.8,
        44.6,
        39.9,
        42.9,
        52.3,
        47.4,
        44.8,
        44.8,
        58.7
      ],
      [
        34.4,
        37.4,
        27.2,
        23.8,
        23.1,
        27.5,
        24.8,
        22.8,
        21.1,
        19.1,
        18.6,
        19.2,
        21.2,
        21.1,
        28.6,
        36.1,
        43.3,
        55.7
      ],
      [
        212.0,
        207.6,
        215.3,
        221.2,
        202.1,
        187.2,
        185.3,
        165.4,
        175.5,
        166.2,
        169.7,
        166.3,
        166.5,
        171.9,
        175.5,
        175.7,
        165.4,
        167.5
      ]
    ]
  },
  {
    "name": "46 Valencia/València",
    "data": [
      [
        1235.4,
        1234.7,
        1186.2,
        1142.4,
        1062.9,
        1072.1,
        1078.6,
        1040.8,
        1006.0,
        999.5,
        968.0,
        914.2,
        932.1,
        966.3,
        994.2,
        1020.2,
        1082.2,
        1195.8
      ],
      [
        21.7,
        22.6,
        24.2,
        29.8,
        21.5,
        23.1,
        24.5,
        26.2,
        32.1,
        24.1,
        32.2,
        17.7,
        25.2,
        22.6,
        30.6,
        26.4,
        35.4,
        34.3
      ],
      [
        207.2,
        196.9,
        207.5,
        207.3,
        187.0,
        202.2,
        175.8,
        175.6,
        167.6,
        177.4,
        176.2,
        137.9,
        151.1,
        148.6,
        169.5,
        168.0,
        191.8,
        223.3
      ],
      [
        78.7,
        72.0,
        72.2,
        66.4,
        68.1,
        65.4,
        69.8,
        56.5,
        54.0,
        58.5,
        54.7,
        43.2,
        60.5,
        68.7,
        82.4,
        95.6,
        122.9,
        169.8
      ],
      [
        927.8,
        943.1,
        882.4,
        838.9,
        786.4,
        781.4,
        808.6,
        782.4,
        752.3,
        739.5,
        704.9,
        715.4,
        695.2,
        726.5,
        711.6,
        730.3,
        732.1,
        768.5
      ]
    ]
  },
  {
    "name": "47 Valladolid",
    "data": [
      [
        245.1,
        232.0,
        223.1,
        214.8,
        216.2,
        230.3,
        222.0,
        216.0,
        215.1,
        213.9,
        210.6,
        202.7,
        209.9,
        216.5,
        228.3,
        225.8,
        231.2,
        242.5
      ],
      [
        7.2,
        13.6,
        12.3,
        9.9,
        12.6,
        6.6,
        8.9,
        8.7,
        6.7,
        11.1,
        6.8,
        7.0,
        7.9,
        6.8,
        8.4,
        10.0,
        10.6,
        10.3
      ],
      [
        44.8,
        34.2,
        35.0,
        39.9,
        35.1,
        35.9,
        40.4,
        44.9,
        38.4,
        36.8,
        37.5,
        33.1,
        33.7,
        37.4,
        33.6,
        32.9,
        39.1,
        43.5
      ],
      [
        15.7,
        12.7,
        11.0,
        8.2,
        14.6,
        15.2,
        10.6,
        12.6,
        12.2,
        8.4,
        10.9,
        11.9,
        17.2,
        12.7,
        19.0,
        20.5,
        19.9,
        26.5
      ],
      [
        177.3,
        171.5,
        164.8,
        156.8,
        153.9,
        172.6,
        162.1,
        149.9,
        157.9,
        157.6,
        155.4,
        150.6,
        151.0,
        159.6,
        167.3,
        162.4,
        161.6,
        162.2
      ]
    ]
  },
  {
    "name": "49 Zamora",
    "data": [
      [
        67.7,
        64.7,
        62.3,
        66.1,
        63.5,
        64.2,
        63.3,
        60.8,
        67.0,
        63.2,
        61.2,
        59.7,
        55.4,
        63.7,
        66.2,
        66.1,
        69.0,
        73.7
      ],
      [
        7.2,
        9.0,
        6.6,
        8.7,
        6.9,
        6.4,
        5.6,
        7.2,
        10.0,
        9.5,
        5.9,
        7.1,
        8.1,
        9.3,
        10.0,
        8.3,
        10.7,
        11.9
      ],
      [
        10.1,
        8.8,
        6.5,
        7.5,
        9.0,
        10.7,
        10.2,
        7.1,
        6.7,
        6.9,
        6.5,
        7.7,
        7.4,
        5.5,
        7.1,
        9.7,
        11.3,
        11.9
      ],
      [
        4.0,
        4.3,
        5.2,
        3.3,
        4.4,
        5.5,
        5.1,
        4.9,
        5.4,
        5.0,
        6.1,
        6.2,
        5.3,
        8.0,
        7.5,
        7.9,
        7.4,
        9.5
      ],
      [
        46.4,
        42.6,
        44.0,
        46.6,
        43.2,
        41.6,
        42.4,
        41.5,
        44.8,
        41.8,
        42.8,
        38.7,
        34.6,
        40.9,
        41.6,
        40.2,
        39.7,
        40.4
      ]
    ]
  },
  {
    "name": "50 Zaragoza",
    "data": [
      [
        449.4,
        453.4,
        447.1,
        432.4,
        413.7,
        427.3,
        426.1,
        411.4,
        410.3,
        401.3,
        382.9,
        367.5,
        370.1,
        391.1,
        384.4,
        410.9,
        423.0,
        456.1
      ],
      [
        9.0,
        14.3,
        15.1,
        17.2,
        18.4,
        12.2,
        18.0,
        16.6,
        17.5,
        12.6,
        14.6,
        13.4,
        12.5,
        10.2,
        10.7,
        10.8,
        9.0,
        14.6
      ],
      [
        91.8,
        95.4,
        91.8,
        83.1,
        90.7,
        95.0,
        86.3,
        89.0,
        82.8,
        85.1,
        76.8,
        69.9,
        65.8,
        78.0,
        80.6,
        80.7,
        82.5,
        103.5
      ],
      [
        29.4,
        23.5,
        26.7,
        29.8,
        19.8,
        24.8,
        25.0,
        25.9,
        18.8,
        21.9,
        20.5,
        17.6,
        20.9,
        24.0,
        26.3,
        41.4,
        41.5,
        52.1
      ],
      [
        319.2,
        320.3,
        313.5,
        302.3,
        284.8,
        295.2,
        296.8,
        280.0,
        291.2,
        281.7,
        270.9,
        266.6,
        271.0,
        278.9,
        266.8,
        278.1,
        290.0,
        286.0
      ]
    ]
  },
  {
    "name": "51 Ceuta",
    "data": [
      [
        29.2,
        27.5,
        28.7,
        26.8,
        24.1,
        29.3,
        29.3,
        26.6,
        28.7,
        28.1,
        25.2,
        25.2,
        25.8,
        25.3,
        26.8,
        27.7,
        30.7,
        26.5
      ],
      [
        0.1,
        0.0,
        0.0,
        0.0,
        0.0,
        0.0,
        0.0,
        0.2,
        0.0,
        0.0,
        0.1,
        0.2,
        0.0,
        0.0,
        0.0,
        0.2,
        0.0,
        0.0
      ],
      [
        0.7,
        0.6,
        0.9,
        0.8,
        0.9,
        1.0,
        1.5,
        0.7,
        0.9,
        0.2,
        0.8,
        1.1,
        0.8,
        0.3,
        0.6,
        1.5,
        1.5,
        1.0
      ],
      [
        1.8,
        1.1,
        1.3,
        1.4,
        0.3,
        0.6,
        0.9,
        0.8,
        0.8,
        1.4,
        1.0,
        0.2,
        0.6,
        1.6,
        2.0,
        1.2,
        1.6,
        1.9
      ],
      [
        26.5,
        25.8,
        26.6,
        24.6,
        22.9,
        27.7,
        27.0,
        24.9,
        27.1,
        26.4,
        23.3,
        23.7,
        24.4,
        23.4,
        24.3,
        24.8,
        27.6,
        23.5
      ]
    ]
  },
  {
    "name": "52 Melilla",
    "data": [
      [
        29.2,
        26.7,
        24.8,
        28.4,
        29.6,
        28.3,
        29.5,
        27.7,
        25.4,
        24.4,
        23.2,
        25.8,
        25.3,
        25.4,
        27.3,
        25.1,
        22.3,
        23.4
      ],
      [
        0.0,
        0.1,
        0.0,
        0.0,
        0.2,
        0.0,
        0.0,
        0.1,
        0.0,
        0.0,
        0.0,
        0.0,
        0.0,
        0.0,
        0.0,
        0.0,
        0.2,
        0.0
      ],
      [
        0.9,
        0.9,
        0.5,
        0.8,
        0.4,
        0.4,
        0.7,
        0.7,
        0.3,
        1.0,
        0.7,
        0.5,
        0.8,
        0.5,
        0.4,
        0.4,
        0.7,
        0.9
      ],
      [
        1.0,
        1.4,
        0.6,
        1.1,
        2.0,
        1.0,
        1.2,
        1.4,
        1.1,
        0.6,
        0.7,
        0.8,
        1.1,
        0.9,
        1.7,
        2.5,
        1.9,
        1.3
      ],
      [
        27.2,
        24.4,
        23.8,
        26.5,
        27.0,
        26.9,
        27.6,
        25.5,
        24.0,
        22.8,
        21.8,
        24.5,
        23.4,
        24.0,
        25.3,
        22.3,
        19.5,
        21.3
      ]
    ]
  }
]