[
  {
    "name": "Total Nacional",
    "data": [
      [
        "3499.1",
        "3551.0",
        "3495.0",
        "3450.2",
        "3369.7",
        "3248.0",
        "3213.6",
        "3105.8",
        "2973.8",
        "3018.3",
        "2956.7",
        "2920.5",
        "2951.7",
        "3200.5",
        "3267.5",
        "3160.5",
        "3077.4",
        "2920.7",
        "2986.8",
        "2919.4",
        "2893.9",
        "2777.1",
        "2684.2"
      ],
      [
        "18266.3",
        "17699.0",
        "17139.2",
        "16746.5",
        "15870.0",
        "16433.3",
        "16257.5",
        "15768.4",
        "15464.4",
        "15011.3",
        "14498.1",
        "14030.1",
        "14078.5",
        "14564.6",
        "15158.6",
        "15492.4",
        "16207.1",
        "17699.2",
        "17280.7",
        "16659.1",
        "15842.2",
        "14993.0",
        "14408.6"
      ]
    ]
  },
  {
    "name": "01 Andalucía",
    "data": [
      [
        "632.3",
        "626.3",
        "633.7",
        "599.6",
        "581.3",
        "540.2",
        "569.6",
        "570.4",
        "545.0",
        "557.5",
        "551.8",
        "507.4",
        "508.2",
        "565.7",
        "569.3",
        "571.6",
        "545.3",
        "517.8",
        "528.5",
        "529.4",
        "520.1",
        "533.4",
        "514.3"
      ],
      [
        "2843.9",
        "2751.4",
        "2712.8",
        "2630.0",
        "2465.7",
        "2567.0",
        "2536.5",
        "2397.3",
        "2363.4",
        "2256.9",
        "2131.9",
        "2105.3",
        "2039.3",
        "2139.7",
        "2263.1",
        "2334.0",
        "2440.2",
        "2720.0",
        "2683.3",
        "2572.3",
        "2413.6",
        "2210.0",
        "2090.0"
      ]
    ]
  },
  {
    "name": "02 Aragón",
    "data": [
      [
        "110.7",
        "116.1",
        "110.3",
        "115.9",
        "113.5",
        "103.7",
        "112.4",
        "101.0",
        "101.6",
        "98.9",
        "97.6",
        "94.6",
        "93.1",
        "102.2",
        "104.0",
        "97.4",
        "96.3",
        "104.3",
        "97.4",
        "97.5",
        "84.4",
        "87.1",
        "78.3"
      ],
      [
        "511.0",
        "500.4",
        "494.3",
        "479.3",
        "454.9",
        "478.5",
        "464.8",
        "460.1",
        "455.9",
        "449.4",
        "427.0",
        "406.4",
        "418.7",
        "440.9",
        "435.4",
        "471.4",
        "488.7",
        "522.6",
        "505.4",
        "473.1",
        "484.1",
        "449.4",
        "433.5"
      ]
    ]
  },
  {
    "name": "03 Asturias, Principado de",
    "data": [
      [
        "84.6",
        "66.5",
        "71.8",
        "81.9",
        "90.9",
        "79.9",
        "74.1",
        "73.0",
        "70.2",
        "76.2",
        "74.6",
        "73.4",
        "72.7",
        "80.4",
        "76.6",
        "72.1",
        "78.7",
        "76.0",
        "71.4",
        "69.1",
        "73.4",
        "72.4",
        "60.9"
      ],
      [
        "341.7",
        "335.8",
        "308.7",
        "307.2",
        "295.4",
        "307.7",
        "311.3",
        "314.9",
        "323.9",
        "299.2",
        "297.1",
        "297.7",
        "295.7",
        "302.8",
        "320.9",
        "337.8",
        "356.4",
        "372.3",
        "356.6",
        "351.1",
        "327.0",
        "318.9",
        "310.3"
      ]
    ]
  },
  {
    "name": "04 Balears, Illes",
    "data": [
      [
        "81.5",
        "86.0",
        "89.1",
        "89.5",
        "85.4",
        "77.4",
        "78.1",
        "64.9",
        "71.0",
        "65.9",
        "63.4",
        "60.8",
        "71.0",
        "59.8",
        "73.7",
        "65.8",
        "65.5",
        "53.5",
        "59.1",
        "60.0",
        "55.4",
        "48.7",
        "57.6"
      ],
      [
        "473.0",
        "455.1",
        "430.1",
        "427.4",
        "402.0",
        "425.6",
        "438.0",
        "423.9",
        "418.5",
        "425.2",
        "392.5",
        "357.8",
        "358.4",
        "368.4",
        "357.0",
        "382.2",
        "388.3",
        "433.1",
        "414.0",
        "392.5",
        "369.6",
        "356.4",
        "330.7"
      ]
    ]
  },
  {
    "name": "05 Canarias",
    "data": [
      [
        "173.5",
        "164.3",
        "165.0",
        "177.1",
        "171.9",
        "155.4",
        "142.6",
        "128.8",
        "126.2",
        "137.7",
        "122.2",
        "139.0",
        "139.4",
        "144.0",
        "153.7",
        "141.4",
        "145.9",
        "139.0",
        "139.4",
        "138.3",
        "143.9",
        "138.7",
        "132.8"
      ],
      [
        "850.7",
        "831.9",
        "784.5",
        "715.6",
        "601.9",
        "774.8",
        "749.9",
        "750.7",
        "683.5",
        "674.1",
        "649.2",
        "598.6",
        "595.9",
        "608.5",
        "616.9",
        "626.5",
        "627.0",
        "718.4",
        "750.7",
        "706.0",
        "656.1",
        "633.5",
        "617.2"
      ]
    ]
  },
  {
    "name": "06 Cantabria",
    "data": [
      [
        "53.5",
        "51.8",
        "47.5",
        "50.7",
        "47.9",
        "44.6",
        "43.5",
        "42.7",
        "44.6",
        "41.8",
        "42.2",
        "42.2",
        "42.1",
        "42.5",
        "44.9",
        "45.1",
        "41.5",
        "40.1",
        "41.1",
        "40.5",
        "35.2",
        "35.2",
        "35.1"
      ],
      [
        "208.4",
        "210.7",
        "199.2",
        "192.9",
        "190.3",
        "194.6",
        "193.9",
        "193.0",
        "190.6",
        "180.4",
        "184.2",
        "178.0",
        "178.9",
        "192.1",
        "188.5",
        "195.9",
        "210.5",
        "225.5",
        "214.2",
        "207.1",
        "197.6",
        "187.9",
        "179.2"
      ]
    ]
  },
  {
    "name": "07 Castilla y León",
    "data": [
      [
        "210.2",
        "211.3",
        "210.3",
        "205.4",
        "205.8",
        "199.8",
        "190.6",
        "183.1",
        "184.1",
        "179.8",
        "183.7",
        "178.6",
        "192.9",
        "197.2",
        "203.0",
        "188.9",
        "178.8",
        "179.8",
        "183.2",
        "176.6",
        "178.4",
        "174.3",
        "171.9"
      ],
      [
        "823.3",
        "790.3",
        "787.5",
        "781.5",
        "745.4",
        "784.5",
        "774.0",
        "774.8",
        "775.0",
        "752.9",
        "729.6",
        "722.9",
        "714.7",
        "757.8",
        "775.7",
        "806.5",
        "838.1",
        "906.1",
        "879.9",
        "846.2",
        "815.8",
        "756.9",
        "758.7"
      ]
    ]
  },
  {
    "name": "08 Castilla - La Mancha",
    "data": [
      [
        "165.7",
        "165.8",
        "166.7",
        "166.6",
        "157.3",
        "158.9",
        "159.5",
        "149.6",
        "153.2",
        "143.8",
        "145.8",
        "145.2",
        "136.3",
        "154.5",
        "167.9",
        "164.7",
        "152.4",
        "147.6",
        "150.2",
        "135.5",
        "130.4",
        "121.0",
        "124.2"
      ],
      [
        "738.5",
        "706.8",
        "703.6",
        "694.8",
        "655.7",
        "642.0",
        "669.9",
        "627.7",
        "617.6",
        "589.5",
        "561.2",
        "560.0",
        "563.3",
        "590.3",
        "618.9",
        "619.5",
        "657.7",
        "721.7",
        "695.3",
        "653.7",
        "612.8",
        "585.6",
        "550.0"
      ]
    ]
  },
  {
    "name": "09 Cataluña",
    "data": [
      [
        "452.2",
        "494.9",
        "478.3",
        "481.3",
        "459.9",
        "449.5",
        "461.1",
        "416.2",
        "395.6",
        "399.1",
        "374.7",
        "405.1",
        "391.6",
        "426.2",
        "417.0",
        "428.2",
        "403.1",
        "365.3",
        "395.3",
        "377.2",
        "402.8",
        "354.4",
        "321.6"
      ],
      [
        "3397.9",
        "3288.9",
        "3113.3",
        "3040.5",
        "2955.4",
        "3001.6",
        "2929.9",
        "2887.1",
        "2802.4",
        "2728.5",
        "2648.5",
        "2555.6",
        "2541.6",
        "2646.2",
        "2796.0",
        "2782.7",
        "2920.8",
        "3243.4",
        "3124.1",
        "3057.3",
        "2888.3",
        "2750.8",
        "2659.5"
      ]
    ]
  },
  {
    "name": "10 Comunitat Valenciana",
    "data": [
      [
        "347.8",
        "375.5",
        "365.3",
        "352.1",
        "320.4",
        "293.6",
        "298.6",
        "282.3",
        "253.3",
        "264.0",
        "262.7",
        "262.2",
        "255.8",
        "298.5",
        "279.6",
        "280.7",
        "254.2",
        "251.5",
        "249.3",
        "244.6",
        "233.8",
        "220.6",
        "227.3"
      ],
      [
        "2003.5",
        "1922.4",
        "1879.4",
        "1830.6",
        "1687.9",
        "1780.6",
        "1754.8",
        "1715.3",
        "1691.3",
        "1628.8",
        "1573.6",
        "1490.4",
        "1505.1",
        "1516.9",
        "1604.3",
        "1659.4",
        "1795.4",
        "2014.5",
        "1947.5",
        "1878.4",
        "1795.5",
        "1705.6",
        "1613.3"
      ]
    ]
  },
  {
    "name": "11 Extremadura",
    "data": [
      [
        "101.9",
        "106.9",
        "111.6",
        "107.3",
        "92.5",
        "93.7",
        "92.1",
        "93.7",
        "94.0",
        "97.4",
        "87.5",
        "90.3",
        "90.8",
        "92.2",
        "104.2",
        "100.8",
        "102.3",
        "101.3",
        "103.2",
        "95.1",
        "92.4",
        "87.2",
        "84.9"
      ],
      [
        "307.5",
        "298.9",
        "292.6",
        "289.1",
        "277.5",
        "282.3",
        "294.0",
        "273.0",
        "257.4",
        "260.1",
        "262.6",
        "248.9",
        "241.1",
        "246.7",
        "272.6",
        "276.0",
        "281.3",
        "306.9",
        "310.4",
        "292.0",
        "284.3",
        "272.5",
        "263.6"
      ]
    ]
  },
  {
    "name": "12 Galicia",
    "data": [
      [
        "192.4",
        "189.7",
        "195.2",
        "190.6",
        "197.9",
        "188.9",
        "189.6",
        "188.1",
        "173.9",
        "183.3",
        "177.4",
        "185.1",
        "175.3",
        "204.9",
        "200.9",
        "194.0",
        "189.2",
        "200.3",
        "185.2",
        "193.7",
        "174.2",
        "174.5",
        "172.8"
      ],
      [
        "957.7",
        "938.0",
        "908.1",
        "901.7",
        "862.8",
        "894.1",
        "890.6",
        "862.0",
        "859.7",
        "837.8",
        "810.1",
        "797.8",
        "830.3",
        "852.1",
        "884.6",
        "906.2",
        "981.1",
        "989.5",
        "980.5",
        "948.7",
        "942.4",
        "893.5",
        "886.4"
      ]
    ]
  },
  {
    "name": "13 Madrid, Comunidad de",
    "data": [
      [
        "486.3",
        "518.0",
        "499.0",
        "469.2",
        "504.2",
        "513.9",
        "463.6",
        "482.4",
        "452.9",
        "468.7",
        "466.4",
        "431.1",
        "476.4",
        "516.2",
        "541.8",
        "497.2",
        "511.4",
        "445.2",
        "489.2",
        "471.6",
        "487.7",
        "456.2",
        "424.4"
      ],
      [
        "3029.6",
        "2888.2",
        "2770.8",
        "2716.8",
        "2615.0",
        "2633.1",
        "2568.5",
        "2466.5",
        "2403.7",
        "2348.2",
        "2320.2",
        "2205.0",
        "2284.3",
        "2321.1",
        "2388.6",
        "2432.9",
        "2505.1",
        "2680.9",
        "2605.9",
        "2523.4",
        "2360.5",
        "2267.4",
        "2168.1"
      ]
    ]
  },
  {
    "name": "14 Murcia, Región de",
    "data": [
      [
        "113.3",
        "111.1",
        "102.2",
        "101.9",
        "96.5",
        "99.9",
        "92.0",
        "99.0",
        "91.0",
        "83.5",
        "85.2",
        "83.3",
        "83.9",
        "84.9",
        "94.4",
        "91.5",
        "98.3",
        "87.5",
        "77.1",
        "78.1",
        "80.1",
        "74.8",
        "80.8"
      ],
      [
        "562.8",
        "560.6",
        "551.5",
        "541.4",
        "514.3",
        "504.9",
        "510.9",
        "474.3",
        "479.9",
        "458.5",
        "428.2",
        "439.6",
        "420.9",
        "449.2",
        "444.4",
        "468.4",
        "486.8",
        "554.9",
        "553.6",
        "520.2",
        "480.2",
        "455.3",
        "424.3"
      ]
    ]
  },
  {
    "name": "15 Navarra, Comunidad Foral de",
    "data": [
      [
        "54.7",
        "48.6",
        "47.3",
        "48.0",
        "40.6",
        "49.2",
        "46.4",
        "40.0",
        "44.5",
        "42.9",
        "42.8",
        "44.6",
        "38.0",
        "41.5",
        "42.3",
        "38.9",
        "37.8",
        "37.4",
        "39.1",
        "39.9",
        "37.0",
        "32.9",
        "32.8"
      ],
      [
        "256.7",
        "255.4",
        "241.2",
        "242.1",
        "238.9",
        "235.1",
        "237.3",
        "236.1",
        "231.5",
        "220.0",
        "215.4",
        "215.8",
        "218.8",
        "224.6",
        "236.5",
        "237.4",
        "247.9",
        "260.0",
        "254.1",
        "240.4",
        "235.6",
        "225.9",
        "216.9"
      ]
    ]
  },
  {
    "name": "16 País Vasco",
    "data": [
      [
        "196.5",
        "174.4",
        "160.4",
        "168.7",
        "158.9",
        "151.7",
        "156.6",
        "147.4",
        "131.4",
        "135.3",
        "134.4",
        "133.9",
        "141.5",
        "144.6",
        "149.8",
        "139.6",
        "130.3",
        "131.7",
        "133.3",
        "134.1",
        "124.4",
        "130.7",
        "126.1"
      ],
      [
        "795.5",
        "810.6",
        "804.3",
        "801.9",
        "759.0",
        "778.3",
        "779.4",
        "765.9",
        "763.1",
        "761.5",
        "736.0",
        "717.7",
        "739.1",
        "773.9",
        "809.5",
        "810.1",
        "831.0",
        "872.8",
        "858.4",
        "844.2",
        "833.8",
        "789.5",
        "777.7"
      ]
    ]
  },
  {
    "name": "17 Rioja, La",
    "data": [
      [
        "21.0",
        "24.2",
        "19.9",
        "20.2",
        "22.0",
        "22.3",
        "19.0",
        "21.2",
        "19.1",
        "19.1",
        "21.2",
        "20.1",
        "19.3",
        "19.8",
        "17.5",
        "19.4",
        "21.1",
        "20.1",
        "22.2",
        "17.8",
        "17.8",
        "14.2",
        "16.5"
      ],
      [
        "127.5",
        "119.0",
        "125.5",
        "122.5",
        "117.0",
        "116.4",
        "119.3",
        "113.7",
        "115.2",
        "111.3",
        "105.7",
        "105.3",
        "104.8",
        "108.0",
        "118.4",
        "116.2",
        "123.2",
        "128.9",
        "122.6",
        "126.0",
        "119.8",
        "109.1",
        "104.6"
      ]
    ]
  },
  {
    "name": "18 Ceuta",
    "data": [
      [
        "11.8",
        "10.9",
        "10.0",
        "11.4",
        "9.1",
        "12.6",
        "11.8",
        "10.5",
        "12.0",
        "12.9",
        "11.9",
        "12.6",
        "11.8",
        "13.3",
        "14.1",
        "12.5",
        "14.0",
        "10.9",
        "10.2",
        "10.6",
        "12.5",
        "9.5",
        "11.4"
      ],
      [
        "17.4",
        "16.6",
        "18.7",
        "15.4",
        "15.0",
        "16.7",
        "17.5",
        "16.1",
        "16.8",
        "15.2",
        "13.3",
        "12.6",
        "14.0",
        "12.0",
        "12.7",
        "15.2",
        "16.7",
        "15.6",
        "13.5",
        "13.5",
        "13.9",
        "14.4",
        "13.3"
      ]
    ]
  },
  {
    "name": "19 Melilla",
    "data": [
      [
        "9.3",
        "8.6",
        "11.6",
        "12.6",
        "13.7",
        "13.0",
        "12.4",
        "11.5",
        "10.2",
        "10.5",
        "11.4",
        "11.2",
        "11.6",
        "11.9",
        "12.7",
        "10.8",
        "11.4",
        "11.3",
        "12.1",
        "9.4",
        "10.1",
        "11.2",
        "10.6"
      ],
      [
        "19.8",
        "18.1",
        "13.3",
        "15.8",
        "15.9",
        "15.3",
        "17.0",
        "16.3",
        "15.2",
        "13.9",
        "11.8",
        "14.6",
        "13.7",
        "13.5",
        "14.6",
        "14.3",
        "10.9",
        "12.1",
        "10.8",
        "13.2",
        "11.4",
        "10.7",
        "11.3"
      ]
    ]
  }
]